<?xml version="1.0" encoding="utf-8"?>
<widget id="runjian.formbuilder.FormBuilder" pluginWidget="true" needsEntityContext="true" xmlns="http://www.mendix.com/widget/1.0/" xmlns:xsi="http://www.w3.org/2001/XMLSchema-instance" xsi:schemaLocation="http://www.mendix.com/widget/1.0/ ../node_modules/mendix/custom_widget.xsd">
  <name>Form builder</name>
  <description>Form Builder for Mendix</description>
  <icon />
  <properties>
        <propertyGroup caption="基础配置">
            <propertyGroup caption="数据源">
                <property key="contextData" type="datasource" isList="true" required="true">
                    <caption>DataView来源</caption>
                    <description />
                </property>
                <property key="data" type="datasource" isList="true" required="true">
                    <caption>字段数据来源</caption>
                    <description />
                </property>
                <property key="selectNodeId" type="attribute">
                    <caption>字段选择信息</caption>
                    <description/>
                    <attributeTypes>
                        <attributeType name="String"/>
                    </attributeTypes>
                </property>
            </propertyGroup>
            
            <propertyGroup caption="字段配置">
                <property key="syncUpdateField" type="string" required="false" defaultValue="">
                    <caption>同步更新字段</caption>
                    <description>同步更新DataView关联实体字段列表，使用英文逗号分隔</description>
                </property>
                <property key="attachedReference" type="string" required="true" defaultValue="">
                    <caption>附加数据</caption>
                    <description/>
                </property>
                <property key="fieldReference" type="string" required="true" defaultValue="">
                    <caption>附加数据字段集</caption>
                    <description/>
                </property>
            </propertyGroup>
        </propertyGroup>

        <propertyGroup caption="事件配置">
            <propertyGroup caption="字段">
                <property key="onChangeAction" type="action" required="true">
                    <caption>数据变动</caption>
                    <description/>
                </property>
            </propertyGroup>
        </propertyGroup>
    </properties>
</widget>